execucao,seed,tempo_segundos
1,0,0.5353
2,0,0.5016
3,0,0.5049
4,0,0.5095
5,0,0.5320
6,0,0.5348
7,0,0.5187
8,0,0.5083
9,0,0.5353
10,0,0.5408
11,0,0.5356
12,0,0.5361
13,0,0.5573
14,0,0.5188
15,0,0.5021
16,0,0.5031
17,0,0.5378
18,0,0.5183
19,0,0.5367
20,0,0.5339
21,0,0.5026
22,0,0.5315
23,0,0.5041
24,0,0.5353
25,0,0.5391
26,0,0.5375
27,0,0.5090
28,0,0.5362
29,0,0.5051
30,0,0.5353
31,0,0.5003
32,0,0.5046
33,0,0.5017
34,0,0.5477
35,0,0.5145
36,0,0.5005
37,0,0.5370
38,0,0.5070
39,0,0.5052
40,0,0.5342
41,0,0.5361
42,0,0.5356
43,0,0.5346
44,0,0.5255
45,0,0.5331
46,0,0.5348
47,0,0.5210
48,0,0.5080
49,0,0.5086
50,0,0.5620
51,0,0.5336
52,0,0.5383
53,0,0.5375
54,0,0.5382
55,0,0.5021
56,0,0.5043
57,0,0.5068
58,0,0.5028
59,0,0.5001
60,0,0.5028
61,0,0.5336
62,0,0.5188
63,0,0.5038
64,0,0.5361
65,0,0.5214
66,0,0.5317
67,0,0.5359
68,0,0.5344
69,0,0.5043
70,0,0.5342
71,0,0.5089
72,0,0.5149
73,0,0.5018
74,0,0.5050
75,0,0.5308
76,0,0.5431
77,0,0.5364
78,0,0.5363
79,0,0.5267
80,0,0.5235
81,0,0.5044
82,0,0.4995
83,0,0.5302
84,0,0.5015
85,0,0.5081
86,0,0.5331
87,0,0.5021
88,0,0.5012
89,0,0.5006
90,0,0.5030
91,0,0.5343
92,0,0.5359
93,0,0.5044
94,0,0.5383
95,0,0.5082
96,0,0.5028
97,0,0.5021
98,0,0.5001
99,0,0.5028
100,0,0.5209
1,1,0.5311
2,1,0.5350
3,1,0.5348
4,1,0.5522
5,1,0.5376
6,1,0.5057
7,1,0.5082
8,1,0.5360
9,1,0.5050
10,1,0.5079
11,1,0.5042
12,1,0.5071
13,1,0.5067
14,1,0.5517
15,1,0.5078
16,1,0.5343
17,1,0.5052
18,1,0.5012
19,1,0.5090
20,1,0.5018
21,1,0.5068
22,1,0.5346
23,1,0.5066
24,1,0.5108
25,1,0.5011
26,1,0.5481
27,1,0.5382
28,1,0.5321
29,1,0.5320
30,1,0.5181
31,1,0.5076
32,1,0.5049
33,1,0.5008
34,1,0.5081
35,1,0.5343
36,1,0.5101
37,1,0.5259
38,1,0.5368
39,1,0.5356
40,1,0.5368
41,1,0.5021
42,1,0.5331
43,1,0.5369
44,1,0.5402
45,1,0.5217
46,1,0.5000
47,1,0.5340
48,1,0.5353
49,1,0.5486
50,1,0.5056
51,1,0.5351
52,1,0.5351
53,1,0.5229
54,1,0.5309
55,1,0.5358
56,1,0.5028
57,1,0.5203
58,1,0.5244
59,1,0.5331
60,1,0.5085
61,1,0.5313
62,1,0.5085
63,1,0.5520
64,1,0.5564
65,1,0.5056
66,1,0.5288
67,1,0.5057
68,1,0.5256
69,1,0.5079
70,1,0.5054
71,1,0.5342
72,1,0.5357
73,1,0.5614
74,1,0.5506
75,1,0.5063
76,1,0.5152
77,1,0.5037
78,1,0.5336
79,1,0.5073
80,1,0.5343
81,1,0.5032
82,1,0.5055
83,1,0.5014
84,1,0.5074
85,1,0.5060
86,1,0.5036
87,1,0.5127
88,1,0.5191
89,1,0.5006
90,1,0.5029
91,1,0.5066
92,1,0.5073
93,1,0.5298
94,1,0.5285
95,1,0.5063
96,1,0.5112
97,1,0.5009
98,1,0.5398
99,1,0.5403
100,1,0.5114
1,2,0.5307
2,2,0.5327
3,2,0.5119
4,2,0.5050
5,2,0.5337
6,2,0.5064
7,2,0.5007
8,2,0.5333
9,2,0.5055
10,2,0.5100
11,2,0.5515
12,2,0.5398
13,2,0.5032
14,2,0.5048
15,2,0.5012
16,2,0.5005
17,2,0.5180
18,2,0.5369
19,2,0.5098
20,2,0.5088
21,2,0.5380
22,2,0.5259
23,2,0.5568
24,2,0.5013
25,2,0.5075
26,2,0.5042
27,2,0.5068
28,2,0.5101
29,2,0.5244
30,2,0.5340
31,2,0.5023
32,2,0.5017
33,2,0.5059
34,2,0.5468
35,2,0.5115
36,2,0.5288
37,2,0.5104
38,2,0.5071
39,2,0.5350
40,2,0.5244
41,2,0.5057
42,2,0.5074
43,2,0.5063
44,2,0.5053
45,2,0.5090
46,2,0.5103
47,2,0.5307
48,2,0.5081
49,2,0.5286
50,2,0.5084
51,2,0.5019
52,2,0.5331
53,2,0.4999
54,2,0.5021
55,2,0.5469
56,2,0.5538
57,2,0.5102
58,2,0.5348
59,2,0.5061
60,2,0.5321
61,2,0.5143
62,2,0.5078
63,2,0.5068
64,2,0.5337
65,2,0.5366
66,2,0.5171
67,2,0.5306
68,2,0.5195
69,2,0.5041
70,2,0.5090
71,2,0.5034
72,2,0.5080
73,2,0.5394
74,2,0.5546
75,2,0.5445
76,2,0.5567
77,2,0.5068
78,2,0.5084
79,2,0.5024
80,2,0.5396
81,2,0.5108
82,2,0.5062
83,2,0.5181
84,2,0.5008
85,2,0.5226
86,2,0.5073
87,2,0.5348
88,2,0.5247
89,2,0.5373
90,2,0.5369
91,2,0.5589
92,2,0.5372
93,2,0.5479
94,2,0.5340
95,2,0.5367
96,2,0.5127
97,2,0.5605
98,2,0.5379
99,2,0.5033
100,2,0.5238
1,3,0.5277
2,3,0.5361
3,3,0.5364
4,3,0.5345
5,3,0.5043
6,3,0.5049
7,3,0.5358
8,3,0.5350
9,3,0.5361
10,3,0.5341
11,3,0.5518
12,3,0.5347
13,3,0.5047
14,3,0.5367
15,3,0.5340
16,3,0.5511
17,3,0.5317
18,3,0.5370
19,3,0.5591
20,3,0.5349
21,3,0.5369
22,3,0.5073
23,3,0.5022
24,3,0.5432
25,3,0.5080
26,3,0.5186
27,3,0.5205
28,3,0.5022
29,3,0.5082
30,3,0.5246
31,3,0.5026
32,3,0.5522
33,3,0.5077
34,3,0.5076
35,3,0.5234
36,3,0.5399
37,3,0.5066
38,3,0.5056
39,3,0.5273
40,3,0.5217
41,3,0.5020
42,3,0.5066
43,3,0.5060
44,3,0.5036
45,3,0.5025
46,3,0.5104
47,3,0.5348
48,3,0.5378
49,3,0.5155
50,3,0.5495
51,3,0.5386
52,3,0.5119
53,3,0.5056
54,3,0.5031
55,3,0.5046
56,3,0.5296
57,3,0.5175
58,3,0.5082
59,3,0.5032
60,3,0.5018
61,3,0.5343
62,3,0.5366
63,3,0.5338
64,3,0.5337
65,3,0.5355
66,3,0.5046
67,3,0.5042
68,3,0.5008
69,3,0.5206
70,3,0.5335
71,3,0.5097
72,3,0.5398
73,3,0.5067
74,3,0.5099
75,3,0.5544
76,3,0.5526
77,3,0.5071
78,3,0.5551
79,3,0.5032
80,3,0.5024
81,3,0.5041
82,3,0.5318
83,3,0.5095
84,3,0.5359
85,3,0.5181
86,3,0.5119
87,3,0.5020
88,3,0.5020
89,3,0.5012
90,3,0.5384
91,3,0.5059
92,3,0.5144
93,3,0.5099
94,3,0.5197
95,3,0.5045
96,3,0.5357
97,3,0.5303
98,3,0.5038
99,3,0.5289
100,3,0.5511
1,4,0.5408
2,4,0.5558
3,4,0.5362
4,4,0.5541
5,4,0.5343
6,4,0.5069
7,4,0.5073
8,4,0.5340
9,4,0.5325
10,4,0.5390
11,4,0.5027
12,4,0.5240
13,4,0.5357
14,4,0.5084
15,4,0.5323
16,4,0.5360
17,4,0.5070
18,4,0.5158
19,4,0.5300
20,4,0.5008
21,4,0.5087
22,4,0.5089
23,4,0.5061
24,4,0.5015
25,4,0.5335
26,4,0.5376
27,4,0.5146
28,4,0.5320
29,4,0.5495
30,4,0.5409
31,4,0.5126
32,4,0.5358
33,4,0.5418
34,4,0.5083
35,4,0.5311
36,4,0.5068
37,4,0.5229
38,4,0.5362
39,4,0.5369
40,4,0.5404
41,4,0.5202
42,4,0.5014
43,4,0.5060
44,4,0.5105
45,4,0.5080
46,4,0.5065
47,4,0.5047
48,4,0.5605
49,4,0.5057
50,4,0.5214
51,4,0.5298
52,4,0.5517
53,4,0.5357
54,4,0.5475
55,4,0.5333
56,4,0.5053
57,4,0.5030
58,4,0.5101
59,4,0.5155
60,4,0.5070
61,4,0.5337
62,4,0.5395
63,4,0.5036
64,4,0.5326
65,4,0.5407
66,4,0.5078
67,4,0.5059
68,4,0.5043
69,4,0.5025
70,4,0.5264
71,4,0.5381
72,4,0.5093
73,4,0.5026
74,4,0.5571
75,4,0.5437
76,4,0.5275
77,4,0.5075
78,4,0.5660
79,4,0.5349
80,4,0.5326
81,4,0.5561
82,4,0.5095
83,4,0.4999
84,4,0.5005
85,4,0.5348
86,4,0.5396
87,4,0.5344
88,4,0.5065
89,4,0.5037
90,4,0.5303
91,4,0.5114
92,4,0.5087
93,4,0.5036
94,4,0.5530
95,4,0.5589
96,4,0.5388
97,4,0.5061
98,4,0.5373
99,4,0.5078
100,4,0.5035
1,5,0.5374
2,5,0.4900
3,5,0.5015
4,5,0.5372
5,5,0.5048
6,5,0.5023
7,5,0.5375
8,5,0.5051
9,5,0.5096
10,5,0.4996
11,5,0.5362
12,5,0.5345
13,5,0.5058
14,5,0.5040
15,5,0.5014
16,5,0.5509
17,5,0.5497
18,5,0.5350
19,5,0.5203
20,5,0.5086
21,5,0.5066
22,5,0.5058
23,5,0.5014
24,5,0.5082
25,5,0.5363
26,5,0.5364
27,5,0.5376
28,5,0.5094
29,5,0.5063
30,5,0.5314
31,5,0.5192
32,5,0.5389
33,5,0.5023
34,5,0.5066
35,5,0.5026
36,5,0.5321
37,5,0.5022
38,5,0.5351
39,5,0.5074
40,5,0.5284
41,5,0.5097
42,5,0.5369
43,5,0.5367
44,5,0.5570
45,5,0.5271
46,5,0.5053
47,5,0.5257
48,5,0.5067
49,5,0.5353
50,5,0.5189
51,5,0.5036
52,5,0.5024
53,5,0.5363
54,5,0.5356
55,5,0.5334
56,5,0.5245
57,5,0.5368
58,5,0.5414
59,5,0.5094
60,5,0.5328
61,5,0.5074
62,5,0.5048
63,5,0.5268
64,5,0.5391
65,5,0.5074
66,5,0.5034
67,5,0.5341
68,5,0.5059
69,5,0.5064
70,5,0.5078
71,5,0.5071
72,5,0.5087
73,5,0.5034
74,5,0.5019
75,5,0.5535
76,5,0.5373
77,5,0.5632
78,5,0.5249
79,5,0.5091
80,5,0.5389
81,5,0.5345
82,5,0.5525
83,5,0.5344
84,5,0.5330
85,5,0.5541
86,5,0.5344
87,5,0.5381
88,5,0.5344
89,5,0.5395
90,5,0.5358
91,5,0.5348
92,5,0.5029
93,5,0.5039
94,5,0.5365
95,5,0.5348
96,5,0.5045
97,5,0.5275
98,5,0.5352
99,5,0.5489
100,5,0.5348
1,6,0.5231
2,6,0.5458
3,6,0.5109
4,6,0.5481
5,6,0.5541
6,6,0.5238
7,6,0.5070
8,6,0.5227
9,6,0.5334
10,6,0.5301
11,6,0.5092
12,6,0.4998
13,6,0.5020
14,6,0.5012
15,6,0.5245
16,6,0.5083
17,6,0.5378
18,6,0.5346
19,6,0.5081
20,6,0.5159
21,6,0.5041
22,6,0.5067
23,6,0.5384
24,6,0.5407
25,6,0.5346
26,6,0.5051
27,6,0.5018
28,6,0.5044
29,6,0.5145
30,6,0.5075
31,6,0.5673
32,6,0.5342
33,6,0.5357
34,6,0.5350
35,6,0.5008
36,6,0.5372
37,6,0.5386
38,6,0.5344
39,6,0.5060
40,6,0.5016
41,6,0.5193
42,6,0.5038
43,6,0.4999
44,6,0.5317
45,6,0.5348
46,6,0.5098
47,6,0.5253
48,6,0.5052
49,6,0.5055
50,6,0.5037
51,6,0.5082
52,6,0.5443
53,6,0.5358
54,6,0.5088
55,6,0.5041
56,6,0.5330
57,6,0.5070
58,6,0.5058
59,6,0.5107
60,6,0.5332
61,6,0.5506
62,6,0.5157
63,6,0.5021
64,6,0.5344
65,6,0.5043
66,6,0.5291
67,6,0.5073
68,6,0.5101
69,6,0.5241
70,6,0.5441
71,6,0.5378
72,6,0.5084
73,6,0.5333
74,6,0.5031
75,6,0.5337
76,6,0.5355
77,6,0.5118
78,6,0.5347
79,6,0.5328
80,6,0.5150
81,6,0.5087
82,6,0.5353
83,6,0.5107
84,6,0.5375
85,6,0.5079
86,6,0.5305
87,6,0.5361
88,6,0.5030
89,6,0.5018
90,6,0.5343
91,6,0.5057
92,6,0.5256
93,6,0.5045
94,6,0.5042
95,6,0.5012
96,6,0.5233
97,6,0.5381
98,6,0.5381
99,6,0.5054
100,6,0.4994
1,7,0.5263
2,7,0.5038
3,7,0.5012
4,7,0.5042
5,7,0.5134
6,7,0.5024
7,7,0.5061
8,7,0.5347
9,7,0.5392
10,7,0.5754
11,7,0.5334
12,7,0.5403
13,7,0.5421
14,7,0.5251
15,7,0.5337
16,7,0.5028
17,7,0.5053
18,7,0.4985
19,7,0.5043
20,7,0.5054
21,7,0.5125
22,7,0.5068
23,7,0.5110
24,7,0.5297
25,7,0.5041
26,7,0.5313
27,7,0.5375
28,7,0.5393
29,7,0.5051
30,7,0.5036
31,7,0.5326
32,7,0.5221
33,7,0.4996
34,7,0.5351
35,7,0.5042
36,7,0.5050
37,7,0.5097
38,7,0.5344
39,7,0.5180
40,7,0.5051
41,7,0.5074
42,7,0.5039
43,7,0.5525
44,7,0.5466
45,7,0.5339
46,7,0.5065
47,7,0.5050
48,7,0.5500
49,7,0.5085
50,7,0.5039
51,7,0.4998
52,7,0.5026
53,7,0.5195
54,7,0.5024
55,7,0.5083
56,7,0.5352
57,7,0.5360
58,7,0.5358
59,7,0.5365
60,7,0.5128
61,7,0.5031
62,7,0.5371
63,7,0.5459
64,7,0.5244
65,7,0.5525
66,7,0.5381
67,7,0.5034
68,7,0.5376
69,7,0.5200
70,7,0.5185
71,7,0.5124
72,7,0.5068
73,7,0.5274
74,7,0.5511
75,7,0.5361
76,7,0.5018
77,7,0.5040
78,7,0.5085
79,7,0.5413
80,7,0.5342
81,7,0.5345
82,7,0.5064
83,7,0.5104
84,7,0.5015
85,7,0.4996
86,7,0.5075
87,7,0.5055
88,7,0.5046
89,7,0.5059
90,7,0.5583
91,7,0.5095
92,7,0.5238
93,7,0.5460
94,7,0.5385
95,7,0.5054
96,7,0.5022
97,7,0.5041
98,7,0.5193
99,7,0.5043
100,7,0.5021
1,8,0.5010
2,8,0.5188
3,8,0.5038
4,8,0.5385
5,8,0.5101
6,8,0.5108
7,8,0.5042
8,8,0.5357
9,8,0.5358
10,8,0.5354
11,8,0.5092
12,8,0.5062
13,8,0.5064
14,8,0.5306
15,8,0.5035
16,8,0.5050
17,8,0.5029
18,8,0.5244
19,8,0.5026
20,8,0.5535
21,8,0.5067
22,8,0.5284
23,8,0.5358
24,8,0.5508
25,8,0.5368
26,8,0.5031
27,8,0.5459
28,8,0.5038
29,8,0.5315
30,8,0.5386
31,8,0.5018
32,8,0.5216
33,8,0.5082
34,8,0.5389
35,8,0.5116
36,8,0.5048
37,8,0.5443
38,8,0.5339
39,8,0.5047
40,8,0.5069
41,8,0.5026
42,8,0.5205
43,8,0.5044
44,8,0.5307
45,8,0.5353
46,8,0.5480
47,8,0.5527
48,8,0.5350
49,8,0.5337
50,8,0.5547
51,8,0.5306
52,8,0.5366
53,8,0.5027
54,8,0.5197
55,8,0.5280
56,8,0.5147
57,8,0.5355
58,8,0.5532
59,8,0.5485
60,8,0.5382
61,8,0.5380
62,8,0.5790
63,8,0.5353
64,8,0.5347
65,8,0.5123
66,8,0.5305
67,8,0.5048
68,8,0.5072
69,8,0.5336
70,8,0.5411
71,8,0.5230
72,8,0.5066
73,8,0.5017
74,8,0.5204
75,8,0.5039
76,8,0.5078
77,8,0.4996
78,8,0.5056
79,8,0.5011
80,8,0.5018
81,8,0.5149
82,8,0.5044
83,8,0.5323
84,8,0.5349
85,8,0.5339
86,8,0.5370
87,8,0.5079
88,8,0.5556
89,8,0.5444
90,8,0.5406
91,8,0.5120
92,8,0.5044
93,8,0.5313
94,8,0.5056
95,8,0.5339
96,8,0.5051
97,8,0.5030
98,8,0.5242
99,8,0.4999
100,8,0.5247
1,9,0.5357
2,9,0.5389
3,9,0.5382
4,9,0.5081
5,9,0.5029
6,9,0.5049
7,9,0.5726
8,9,0.5589
9,9,0.5327
10,9,0.5352
11,9,0.5534
12,9,0.5356
13,9,0.5259
14,9,0.5021
15,9,0.5227
16,9,0.5032
17,9,0.5076
18,9,0.5109
19,9,0.5329
20,9,0.5294
21,9,0.5319
22,9,0.5023
23,9,0.5344
24,9,0.5329
25,9,0.5031
26,9,0.5195
27,9,0.5634
28,9,0.5055
29,9,0.5146
30,9,0.5209
31,9,0.5459
32,9,0.5313
33,9,0.5200
34,9,0.5240
35,9,0.5028
36,9,0.5061
37,9,0.5205
38,9,0.5075
39,9,0.5343
40,9,0.5118
41,9,0.5309
42,9,0.5132
43,9,0.5224
44,9,0.5039
45,9,0.5044
46,9,0.5236
47,9,0.5350
48,9,0.5530
49,9,0.5539
50,9,0.5057
51,9,0.5018
52,9,0.5307
53,9,0.5194
54,9,0.5029
55,9,0.5417
56,9,0.5063
57,9,0.5289
58,9,0.5349
59,9,0.5047
60,9,0.5391
61,9,0.5573
62,9,0.5359
63,9,0.5166
64,9,0.5228
65,9,0.5050
66,9,0.5346
67,9,0.5310
68,9,0.5097
69,9,0.5348
70,9,0.5114
71,9,0.5012
72,9,0.5347
73,9,0.5054
74,9,0.5365
75,9,0.5349
76,9,0.5336
77,9,0.5091
78,9,0.5354
79,9,0.5095
80,9,0.5530
81,9,0.5055
82,9,0.5089
83,9,0.5380
84,9,0.5353
85,9,0.5080
86,9,0.5350
87,9,0.5391
88,9,0.5095
89,9,0.5025
90,9,0.5224
91,9,0.5079
92,9,0.5059
93,9,0.5029
94,9,0.5031
95,9,0.5358
96,9,0.5023
97,9,0.5009
98,9,0.5268
99,9,0.5131
100,9,0.5026
1,10,0.5184
2,10,0.5054
3,10,0.5107
4,10,0.5073
5,10,0.5167
6,10,0.5391
7,10,0.5071
8,10,0.5309
9,10,0.5080
10,10,0.5054
11,10,0.5009
12,10,0.5003
13,10,0.5241
14,10,0.4910
15,10,0.5035
16,10,0.5014
17,10,0.5253
18,10,0.5071
19,10,0.5415
20,10,0.5203
21,10,0.5043
22,10,0.5004
23,10,0.5538
24,10,0.5201
25,10,0.5109
26,10,0.5343
27,10,0.5212
28,10,0.5047
29,10,0.5096
30,10,0.5027
31,10,0.5061
32,10,0.5028
33,10,0.5060
34,10,0.5115
35,10,0.5227
36,10,0.5297
37,10,0.5359
38,10,0.5355
39,10,0.5323
40,10,0.5541
41,10,0.5059
42,10,0.5437
43,10,0.5225
44,10,0.5342
45,10,0.5351
46,10,0.5020
47,10,0.5006
48,10,0.5316
49,10,0.5116
50,10,0.5041
51,10,0.5368
52,10,0.5364
53,10,0.5254
54,10,0.5512
55,10,0.5359
56,10,0.5260
57,10,0.5073
58,10,0.5134
59,10,0.5342
60,10,0.5338
61,10,0.5408
62,10,0.5338
63,10,0.5384
64,10,0.5351
65,10,0.5259
66,10,0.5192
67,10,0.5098
68,10,0.5324
69,10,0.5080
70,10,0.5023
71,10,0.5017
72,10,0.5340
73,10,0.5143
74,10,0.5237
75,10,0.5084
76,10,0.5064
77,10,0.5058
78,10,0.5472
79,10,0.5364
80,10,0.5029
81,10,0.5122
82,10,0.5058
83,10,0.5301
84,10,0.5400
85,10,0.5206
86,10,0.5008
87,10,0.5007
88,10,0.5129
89,10,0.5060
90,10,0.5031
91,10,0.5036
92,10,0.5360
93,10,0.5033
94,10,0.5040
95,10,0.5020
96,10,0.5023
97,10,0.5010
98,10,0.5214
99,10,0.5083
100,10,0.5011
1,11,0.5448
2,11,0.5358
3,11,0.5077
4,11,0.5046
5,11,0.4997
6,11,0.5326
7,11,0.5058
8,11,0.5081
9,11,0.5061
10,11,0.5052
11,11,0.5050
12,11,0.5040
13,11,0.5020
14,11,0.5579
15,11,0.5075
16,11,0.5175
17,11,0.5071
18,11,0.5088
19,11,0.5240
20,11,0.5041
21,11,0.5098
22,11,0.5235
23,11,0.5096
24,11,0.5341
25,11,0.5492
26,11,0.5382
27,11,0.5364
28,11,0.5017
29,11,0.5094
30,11,0.5343
31,11,0.5062
32,11,0.5084
33,11,0.5378
34,11,0.5343
35,11,0.5006
36,11,0.5080
37,11,0.5006
38,11,0.5392
39,11,0.5292
40,11,0.5091
41,11,0.5233
42,11,0.5325
43,11,0.5045
44,11,0.5029
45,11,0.5367
46,11,0.5054
47,11,0.5368
48,11,0.5048
49,11,0.5320
50,11,0.5361
51,11,0.5078
52,11,0.5250
53,11,0.5051
54,11,0.5377
55,11,0.5171
56,11,0.5381
57,11,0.5178
58,11,0.5272
59,11,0.5051
60,11,0.5083
61,11,0.5341
62,11,0.5097
63,11,0.4997
64,11,0.5363
65,11,0.5075
66,11,0.5355
67,11,0.5330
68,11,0.5334
69,11,0.5252
70,11,0.5044
71,11,0.5074
72,11,0.5048
73,11,0.5249
74,11,0.5033
75,11,0.5021
76,11,0.5319
77,11,0.5237
78,11,0.5343
79,11,0.5355
80,11,0.5039
81,11,0.5222
82,11,0.5356
83,11,0.5133
84,11,0.5268
85,11,0.5030
86,11,0.5314
87,11,0.5372
88,11,0.5015
89,11,0.5011
90,11,0.5121
91,11,0.5350
92,11,0.5227
93,11,0.5242
94,11,0.5230
95,11,0.5017
96,11,0.5045
97,11,0.5589
98,11,0.5049
99,11,0.5210
100,11,0.5360
1,12,0.5337
2,12,0.5211
3,12,0.5186
4,12,0.5358
5,12,0.5081
6,12,0.5033
7,12,0.5017
8,12,0.5216
9,12,0.5019
10,12,0.5095
11,12,0.5518
12,12,0.5395
13,12,0.5315
14,12,0.5049
15,12,0.5020
16,12,0.5323
17,12,0.5090
18,12,0.5010
19,12,0.5078
20,12,0.5209
21,12,0.5316
22,12,0.5075
23,12,0.5064
24,12,0.5307
25,12,0.5233
26,12,0.5082
27,12,0.5067
28,12,0.5062
29,12,0.5014
30,12,0.5017
31,12,0.5232
32,12,0.5388
33,12,0.5073
34,12,0.5015
35,12,0.5304
36,12,0.5018
37,12,0.5034
38,12,0.5021
39,12,0.5054
40,12,0.5002
41,12,0.5070
42,12,0.5029
43,12,0.5381
44,12,0.5361
45,12,0.5101
46,12,0.5134
47,12,0.5340
48,12,0.5193
49,12,0.5022
50,12,0.5219
51,12,0.5011
52,12,0.5056
53,12,0.5357
54,12,0.5520
55,12,0.5359
56,12,0.5281
57,12,0.5369
58,12,0.5028
59,12,0.5386
60,12,0.5385
61,12,0.5216
62,12,0.5070
63,12,0.5213
64,12,0.5064
65,12,0.5013
66,12,0.5026
67,12,0.5081
68,12,0.5100
69,12,0.5353
70,12,0.5341
71,12,0.5356
72,12,0.5101
73,12,0.5499
74,12,0.5378
75,12,0.5121
76,12,0.5355
77,12,0.5078
78,12,0.5363
79,12,0.5363
80,12,0.5104
81,12,0.5291
82,12,0.5347
83,12,0.5374
84,12,0.5043
85,12,0.5083
86,12,0.5215
87,12,0.5088
88,12,0.5058
89,12,0.5326
90,12,0.5376
91,12,0.5024
92,12,0.5000
93,12,0.5008
94,12,0.5089
95,12,0.5086
96,12,0.5067
97,12,0.5251
98,12,0.5330
99,12,0.5511
100,12,0.5121
1,13,0.5039
2,13,0.5250
3,13,0.5306
4,13,0.5338
5,13,0.5348
6,13,0.5053
7,13,0.5032
8,13,0.5355
9,13,0.5354
10,13,0.5585
11,13,0.5027
12,13,0.5054
13,13,0.5012
14,13,0.5023
15,13,0.5150
16,13,0.5095
17,13,0.5209
18,13,0.5370
19,13,0.5006
20,13,0.5344
21,13,0.5363
22,13,0.5340
23,13,0.5060
24,13,0.5103
25,13,0.5392
26,13,0.5328
27,13,0.5314
28,13,0.5501
29,13,0.5324
30,13,0.5063
31,13,0.5266
32,13,0.5063
33,13,0.5186
34,13,0.5029
35,13,0.5079
36,13,0.5057
37,13,0.5073
38,13,0.5254
39,13,0.5037
40,13,0.5303
41,13,0.5469
42,13,0.5351
43,13,0.5376
44,13,0.5044
45,13,0.5044
46,13,0.5096
47,13,0.5013
48,13,0.5398
49,13,0.5080
50,13,0.5593
51,13,0.5566
52,13,0.5514
53,13,0.5079
54,13,0.5090
55,13,0.5368
56,13,0.5302
57,13,0.5036
58,13,0.5022
59,13,0.5056
60,13,0.5320
61,13,0.5097
62,13,0.5067
63,13,0.5237
64,13,0.5041
65,13,0.5223
66,13,0.5052
67,13,0.5048
68,13,0.5090
69,13,0.4995
70,13,0.5374
71,13,0.5342
72,13,0.5312
73,13,0.5268
74,13,0.5252
75,13,0.5533
76,13,0.5316
77,13,0.5033
78,13,0.5050
79,13,0.5315
80,13,0.5062
81,13,0.5503
82,13,0.5338
83,13,0.5064
84,13,0.5284
85,13,0.5081
86,13,0.5286
87,13,0.5210
88,13,0.5054
89,13,0.5082
90,13,0.5019
91,13,0.5028
92,13,0.5375
93,13,0.5014
94,13,0.5087
95,13,0.5051
96,13,0.5357
97,13,0.5094
98,13,0.5082
99,13,0.5006
100,13,0.5336
1,14,0.5299
2,14,0.5079
3,14,0.5195
4,14,0.5074
5,14,0.5045
6,14,0.5028
7,14,0.5306
8,14,0.5019
9,14,0.5048
10,14,0.5327
11,14,0.5320
12,14,0.5053
13,14,0.5028
14,14,0.5041
15,14,0.5011
16,14,0.5266
17,14,0.5357
18,14,0.5061
19,14,0.5327
20,14,0.5110
21,14,0.5059
22,14,0.5032
23,14,0.5217
24,14,0.5030
25,14,0.5215
26,14,0.5096
27,14,0.5028
28,14,0.5022
29,14,0.5039
30,14,0.5062
31,14,0.5358
32,14,0.5093
33,14,0.5237
34,14,0.5540
35,14,0.5023
36,14,0.5300
37,14,0.5043
38,14,0.5063
39,14,0.5062
40,14,0.5146
41,14,0.5304
42,14,0.5329
43,14,0.5099
44,14,0.5374
45,14,0.5516
46,14,0.5304
47,14,0.5016
48,14,0.5040
49,14,0.5007
50,14,0.5313
51,14,0.5320
52,14,0.5070
53,14,0.5230
54,14,0.5018
55,14,0.5043
56,14,0.5344
57,14,0.5041
58,14,0.5351
59,14,0.5089
60,14,0.5339
61,14,0.5142
62,14,0.5110
63,14,0.5079
64,14,0.5022
65,14,0.5047
66,14,0.4998
67,14,0.5353
68,14,0.5520
69,14,0.5107
70,14,0.5293
71,14,0.5330
72,14,0.5346
73,14,0.5324
74,14,0.5071
75,14,0.5346
76,14,0.5334
77,14,0.5425
78,14,0.5531
79,14,0.5363
80,14,0.5018
81,14,0.5198
82,14,0.5560
83,14,0.5055
84,14,0.5006
85,14,0.5052
86,14,0.5347
87,14,0.5454
88,14,0.5217
89,14,0.5334
90,14,0.5059
91,14,0.5042
92,14,0.5299
93,14,0.5265
94,14,0.5324
95,14,0.5538
96,14,0.5181
97,14,0.5350
98,14,0.5078
99,14,0.5100
100,14,0.4995
1,15,0.5124
2,15,0.5245
3,15,0.5164
4,15,0.5228
5,15,0.5144
6,15,0.5344
7,15,0.5047
8,15,0.5048
9,15,0.5202
10,15,0.5062
11,15,0.5309
12,15,0.5065
13,15,0.5100
14,15,0.5308
15,15,0.5341
16,15,0.5293
17,15,0.5046
18,15,0.5360
19,15,0.5529
20,15,0.5350
21,15,0.5346
22,15,0.5065
23,15,0.5004
24,15,0.5081
25,15,0.5596
26,15,0.5042
27,15,0.5008
28,15,0.5482
29,15,0.5390
30,15,0.5342
31,15,0.5037
32,15,0.5096
33,15,0.5608
34,15,0.5563
35,15,0.5303
36,15,0.5104
37,15,0.5043
38,15,0.5315
39,15,0.5346
40,15,0.5363
41,15,0.5003
42,15,0.5004
43,15,0.5326
44,15,0.5035
45,15,0.5142
46,15,0.5097
47,15,0.5081
48,15,0.5321
49,15,0.5540
50,15,0.5361
51,15,0.5374
52,15,0.5052
53,15,0.5539
54,15,0.5051
55,15,0.5523
56,15,0.5354
57,15,0.5501
58,15,0.5372
59,15,0.5376
60,15,0.5093
61,15,0.5050
62,15,0.5326
63,15,0.5534
64,15,0.5340
65,15,0.5340
66,15,0.5360
67,15,0.5326
68,15,0.5363
69,15,0.5391
70,15,0.5334
71,15,0.5378
72,15,0.5055
73,15,0.5323
74,15,0.5504
75,15,0.5362
76,15,0.5219
77,15,0.5350
78,15,0.5222
79,15,0.5316
80,15,0.5360
81,15,0.4904
82,15,0.5049
83,15,0.5501
84,15,0.5336
85,15,0.5069
86,15,0.5025
87,15,0.5024
88,15,0.5024
89,15,0.5013
90,15,0.5019
91,15,0.5327
92,15,0.5349
93,15,0.5082
94,15,0.5070
95,15,0.5032
96,15,0.5310
97,15,0.5355
98,15,0.5066
99,15,0.5292
100,15,0.5358
1,16,0.5173
2,16,0.5207
3,16,0.5326
4,16,0.5330
5,16,0.5064
6,16,0.5022
7,16,0.5308
8,16,0.5320
9,16,0.5360
10,16,0.5077
11,16,0.5218
12,16,0.5329
13,16,0.5401
14,16,0.5070
15,16,0.5530
16,16,0.5102
17,16,0.5070
18,16,0.5007
19,16,0.5348
20,16,0.5303
21,16,0.5048
22,16,0.5056
23,16,0.5115
24,16,0.5341
25,16,0.5310
26,16,0.5332
27,16,0.5333
28,16,0.5029
29,16,0.5048
30,16,0.5041
31,16,0.5067
32,16,0.5214
33,16,0.5025
34,16,0.5334
35,16,0.5112
36,16,0.5069
37,16,0.5055
38,16,0.5348
39,16,0.5393
40,16,0.5071
41,16,0.5033
42,16,0.5050
43,16,0.5004
44,16,0.5038
45,16,0.5029
46,16,0.5261
47,16,0.5333
48,16,0.5081
49,16,0.5375
50,16,0.5324
51,16,0.5067
52,16,0.5108
53,16,0.5016
54,16,0.5357
55,16,0.5044
56,16,0.4992
57,16,0.5427
58,16,0.5350
59,16,0.5025
60,16,0.5323
61,16,0.5059
62,16,0.5288
63,16,0.5276
64,16,0.5335
65,16,0.5060
66,16,0.5029
67,16,0.5357
68,16,0.5346
69,16,0.5092
70,16,0.5065
71,16,0.5053
72,16,0.5048
73,16,0.5377
74,16,0.5071
75,16,0.5022
76,16,0.5040
77,16,0.5306
78,16,0.5059
79,16,0.5056
80,16,0.5072
81,16,0.5750
82,16,0.5023
83,16,0.5089
84,16,0.5753
85,16,0.5450
86,16,0.5346
87,16,0.5401
88,16,0.5057
89,16,0.5097
90,16,0.5296
91,16,0.5046
92,16,0.5354
93,16,0.5061
94,16,0.5039
95,16,0.5033
96,16,0.5101
97,16,0.5310
98,16,0.5061
99,16,0.5079
100,16,0.5430
1,17,0.5372
2,17,0.5044
3,17,0.5072
4,17,0.5063
5,17,0.5007
6,17,0.5153
7,17,0.5319
8,17,0.5331
9,17,0.5503
10,17,0.5313
11,17,0.5463
12,17,0.5078
13,17,0.5536
14,17,0.5073
15,17,0.5082
16,17,0.5028
17,17,0.5102
18,17,0.5235
19,17,0.5256
20,17,0.5027
21,17,0.5028
22,17,0.5074
23,17,0.5050
24,17,0.5517
25,17,0.5498
26,17,0.5577
27,17,0.5322
28,17,0.5237
29,17,0.5056
30,17,0.5211
31,17,0.5297
32,17,0.5476
33,17,0.5064
34,17,0.5340
35,17,0.5323
36,17,0.5336
37,17,0.5326
38,17,0.5035
39,17,0.5208
40,17,0.5003
41,17,0.5197
42,17,0.5036
43,17,0.5030
44,17,0.5122
45,17,0.5339
46,17,0.5472
47,17,0.5357
48,17,0.5320
49,17,0.5211
50,17,0.5015
51,17,0.5043
52,17,0.5371
53,17,0.5334
54,17,0.5084
55,17,0.5305
56,17,0.5102
57,17,0.5084
58,17,0.5131
59,17,0.5042
60,17,0.5361
61,17,0.5074
62,17,0.5030
63,17,0.5056
64,17,0.5277
65,17,0.5336
66,17,0.5350
67,17,0.5085
68,17,0.5075
69,17,0.5025
70,17,0.5229
71,17,0.5024
72,17,0.5289
73,17,0.5098
74,17,0.5280
75,17,0.5280
76,17,0.5206
77,17,0.5324
78,17,0.5490
79,17,0.5042
80,17,0.5027
81,17,0.5137
82,17,0.5305
83,17,0.5100
84,17,0.5188
85,17,0.5064
86,17,0.5069
87,17,0.5019
88,17,0.5369
89,17,0.5352
90,17,0.5340
91,17,0.5326
92,17,0.5276
93,17,0.5079
94,17,0.5039
95,17,0.5496
96,17,0.5296
97,17,0.5039
98,17,0.5446
99,17,0.5035
100,17,0.4995
1,18,0.5442
2,18,0.5192
3,18,0.5125
4,18,0.5322
5,18,0.5340
6,18,0.5135
7,18,0.5346
8,18,0.5048
9,18,0.5079
10,18,0.5355
11,18,0.5073
12,18,0.5363
13,18,0.5050
14,18,0.5287
15,18,0.5017
16,18,0.5129
17,18,0.5339
18,18,0.5083
19,18,0.5093
20,18,0.5076
21,18,0.5316
22,18,0.5309
23,18,0.5434
24,18,0.5026
25,18,0.5338
26,18,0.5027
27,18,0.5371
28,18,0.5064
29,18,0.5015
30,18,0.5338
31,18,0.5051
32,18,0.5319
33,18,0.5350
34,18,0.5059
35,18,0.5293
36,18,0.5332
37,18,0.5040
38,18,0.5007
39,18,0.5022
40,18,0.5309
41,18,0.5322
42,18,0.5380
43,18,0.5484
44,18,0.5341
45,18,0.5334
46,18,0.5356
47,18,0.5018
48,18,0.5089
49,18,0.5082
50,18,0.5019
51,18,0.4993
52,18,0.5001
53,18,0.5000
54,18,0.5055
55,18,0.5021
56,18,0.5005
57,18,0.5025
58,18,0.5015
59,18,0.5033
60,18,0.4993
61,18,0.5473
62,18,0.5333
63,18,0.5333
64,18,0.5037
65,18,0.5213
66,18,0.5051
67,18,0.5357
68,18,0.5215
69,18,0.5171
70,18,0.5360
71,18,0.5308
72,18,0.5557
73,18,0.5109
74,18,0.5328
75,18,0.5047
76,18,0.5045
77,18,0.5015
78,18,0.5012
79,18,0.5273
80,18,0.5317
81,18,0.5310
82,18,0.5557
83,18,0.5306
84,18,0.5352
85,18,0.5329
86,18,0.5309
87,18,0.5312
88,18,0.5501
89,18,0.5361
90,18,0.5100
91,18,0.5106
92,18,0.5044
93,18,0.5057
94,18,0.5377
95,18,0.5325
96,18,0.5064
97,18,0.5139
98,18,0.5357
99,18,0.5083
100,18,0.5249
1,19,0.5075
2,19,0.5048
3,19,0.5104
4,19,0.5333
5,19,0.5010
6,19,0.5356
7,19,0.5580
8,19,0.5061
9,19,0.5026
10,19,0.5066
11,19,0.5010
12,19,0.5320
13,19,0.5348
14,19,0.5044
15,19,0.5093
16,19,0.5495
17,19,0.5311
18,19,0.5105
19,19,0.5028
20,19,0.5340
21,19,0.5203
22,19,0.5061
23,19,0.5535
24,19,0.5322
25,19,0.5321
26,19,0.5364
27,19,0.5034
28,19,0.5323
29,19,0.5439
30,19,0.5009
31,19,0.5326
32,19,0.5418
33,19,0.5371
34,19,0.5341
35,19,0.5060
36,19,0.5008
37,19,0.5124
38,19,0.5038
39,19,0.5097
40,19,0.5103
41,19,0.5015
42,19,0.5078
43,19,0.5378
44,19,0.5005
45,19,0.5269
46,19,0.5312
47,19,0.5118
48,19,0.5096
49,19,0.5343
50,19,0.5205
51,19,0.5716
52,19,0.5382
53,19,0.5290
54,19,0.5555
55,19,0.5350
56,19,0.5349
57,19,0.5064
58,19,0.5010
59,19,0.5072
60,19,0.5358
61,19,0.5077
62,19,0.5020
63,19,0.5034
64,19,0.5377
65,19,0.5366
66,19,0.5348
67,19,0.5188
68,19,0.5106
69,19,0.5033
70,19,0.5285
71,19,0.5347
72,19,0.5202
73,19,0.5236
74,19,0.5051
75,19,0.5346
76,19,0.5132
77,19,0.5074
78,19,0.5326
79,19,0.5034
80,19,0.5065
81,19,0.5027
82,19,0.5539
83,19,0.5074
84,19,0.5317
85,19,0.5086
86,19,0.5018
87,19,0.5015
88,19,0.5109
89,19,0.5493
90,19,0.5369
91,19,0.5094
92,19,0.5026
93,19,0.5324
94,19,0.5034
95,19,0.5045
96,19,0.5101
97,19,0.5354
98,19,0.5354
99,19,0.5056
100,19,0.5261
1,20,0.5015
2,20,0.5323
3,20,0.5317
4,20,0.5107
5,20,0.5014
6,20,0.5112
7,20,0.5017
8,20,0.5131
9,20,0.5030
10,20,0.5459
11,20,0.5380
12,20,0.5494
13,20,0.5094
14,20,0.5316
15,20,0.5036
16,20,0.5025
17,20,0.5308
18,20,0.5299
19,20,0.5274
20,20,0.5075
21,20,0.5067
22,20,0.5296
23,20,0.5052
24,20,0.5328
25,20,0.5111
26,20,0.5037
27,20,0.5073
28,20,0.5014
29,20,0.5218
30,20,0.5082
31,20,0.5383
32,20,0.5525
33,20,0.5107
34,20,0.5055
35,20,0.5388
36,20,0.5106
37,20,0.5194
38,20,0.5079
39,20,0.5039
40,20,0.5058
41,20,0.5084
42,20,0.5340
43,20,0.5454
44,20,0.5347
45,20,0.5146
46,20,0.5007
47,20,0.5350
48,20,0.5276
49,20,0.5342
50,20,0.5049
51,20,0.5334
52,20,0.5068
53,20,0.5448
54,20,0.5343
55,20,0.5113
56,20,0.5090
57,20,0.5067
58,20,0.5066
59,20,0.5217
60,20,0.5074
61,20,0.5215
62,20,0.5394
63,20,0.5341
64,20,0.5069
65,20,0.5065
66,20,0.5320
67,20,0.5067
68,20,0.5191
69,20,0.5030
70,20,0.5295
71,20,0.5152
72,20,0.5199
73,20,0.5366
74,20,0.5036
75,20,0.5103
76,20,0.5052
77,20,0.5065
78,20,0.5589
79,20,0.5085
80,20,0.5267
81,20,0.5549
82,20,0.5359
83,20,0.5298
84,20,0.5068
85,20,0.5035
86,20,0.5067
87,20,0.5321
88,20,0.5029
89,20,0.5052
90,20,0.5079
91,20,0.5114
92,20,0.5167
93,20,0.5508
94,20,0.5352
95,20,0.5324
96,20,0.5106
97,20,0.5014
98,20,0.5144
99,20,0.5027
100,20,0.5116
1,21,0.5305
2,21,0.5321
3,21,0.5022
4,21,0.5104
5,21,0.5410
6,21,0.5339
7,21,0.5051
8,21,0.5261
9,21,0.5022
10,21,0.5002
11,21,0.5303
12,21,0.5137
13,21,0.5111
14,21,0.5044
15,21,0.5275
16,21,0.5219
17,21,0.5336
18,21,0.5338
19,21,0.5360
20,21,0.5052
21,21,0.5267
22,21,0.5022
23,21,0.5018
24,21,0.5138
25,21,0.5138
26,21,0.5381
27,21,0.5060
28,21,0.5277
29,21,0.5273
30,21,0.5350
31,21,0.5052
32,21,0.5115
33,21,0.5217
34,21,0.5298
35,21,0.5313
36,21,0.5377
37,21,0.5334
38,21,0.5271
39,21,0.5043
40,21,0.5070
41,21,0.5037
42,21,0.5045
43,21,0.5062
44,21,0.5321
45,21,0.5053
46,21,0.5055
47,21,0.5087
48,21,0.5038
49,21,0.5301
50,21,0.5046
51,21,0.5057
52,21,0.5035
53,21,0.5141
54,21,0.5037
55,21,0.5000
56,21,0.5011
57,21,0.5041
58,21,0.5057
59,21,0.5010
60,21,0.5126
61,21,0.5041
62,21,0.5017
63,21,0.5043
64,21,0.5001
65,21,0.5006
66,21,0.5097
67,21,0.5049
68,21,0.5317
69,21,0.5101
70,21,0.5082
71,21,0.5058
72,21,0.5017
73,21,0.5036
74,21,0.5360
75,21,0.5364
76,21,0.5364
77,21,0.5065
78,21,0.5339
79,21,0.5133
80,21,0.5341
81,21,0.5365
82,21,0.5352
83,21,0.5057
84,21,0.5065
85,21,0.5290
86,21,0.5081
87,21,0.5279
88,21,0.5489
89,21,0.5132
90,21,0.5066
91,21,0.5069
92,21,0.5009
93,21,0.5333
94,21,0.5044
95,21,0.5184
96,21,0.5383
97,21,0.5199
98,21,0.5091
99,21,0.5250
100,21,0.5439
1,22,0.5031
2,22,0.5202
3,22,0.5356
4,22,0.5339
5,22,0.5028
6,22,0.5316
7,22,0.5034
8,22,0.5342
9,22,0.5346
10,22,0.5391
11,22,0.5104
12,22,0.5054
13,22,0.5467
14,22,0.5252
15,22,0.5058
16,22,0.5076
17,22,0.5048
18,22,0.5032
19,22,0.5007
20,22,0.5288
21,22,0.5042
22,22,0.5015
23,22,0.5313
24,22,0.5063
25,22,0.5004
26,22,0.5042
27,22,0.5354
28,22,0.5364
29,22,0.5332
30,22,0.5250
31,22,0.5054
32,22,0.5326
33,22,0.5077
34,22,0.5032
35,22,0.5289
36,22,0.5097
37,22,0.5043
38,22,0.5040
39,22,0.5100
40,22,0.5023
41,22,0.5059
42,22,0.5225
43,22,0.5365
44,22,0.5104
45,22,0.5026
46,22,0.5113
47,22,0.5490
48,22,0.5499
49,22,0.5360
50,22,0.5237
51,22,0.5345
52,22,0.5498
53,22,0.5231
54,22,0.5120
55,22,0.5351
56,22,0.5351
57,22,0.5348
58,22,0.5397
59,22,0.5339
60,22,0.5484
61,22,0.5056
62,22,0.5055
63,22,0.5069
64,22,0.5229
65,22,0.5347
66,22,0.5234
67,22,0.5533
68,22,0.5050
69,22,0.5350
70,22,0.5360
71,22,0.5312
72,22,0.5150
73,22,0.5097
74,22,0.5032
75,22,0.5047
76,22,0.5318
77,22,0.5126
78,22,0.5017
79,22,0.5335
80,22,0.5562
81,22,0.5047
82,22,0.5079
83,22,0.5036
84,22,0.5186
85,22,0.5137
86,22,0.5362
87,22,0.5098
88,22,0.5055
89,22,0.5352
90,22,0.5049
91,22,0.5288
92,22,0.5053
93,22,0.5045
94,22,0.5042
95,22,0.5487
96,22,0.5053
97,22,0.5326
98,22,0.5042
99,22,0.5244
100,22,0.5090
1,23,0.5058
2,23,0.5207
3,23,0.5628
4,23,0.5033
5,23,0.5026
6,23,0.5024
7,23,0.5033
8,23,0.5330
9,23,0.5004
10,23,0.5556
11,23,0.5042
12,23,0.5164
13,23,0.5245
14,23,0.5045
15,23,0.5083
16,23,0.5348
17,23,0.5028
18,23,0.5335
19,23,0.5070
20,23,0.5307
21,23,0.5074
22,23,0.5084
23,23,0.5150
24,23,0.5035
25,23,0.5466
26,23,0.5066
27,23,0.5008
28,23,0.5012
29,23,0.5183
30,23,0.5084
31,23,0.5485
32,23,0.5085
33,23,0.5188
34,23,0.5500
35,23,0.5080
36,23,0.5247
37,23,0.5096
38,23,0.5329
39,23,0.5023
40,23,0.5094
41,23,0.5052
42,23,0.5348
43,23,0.5333
44,23,0.5248
45,23,0.5292
46,23,0.5331
47,23,0.5058
48,23,0.5082
49,23,0.5037
50,23,0.5326
51,23,0.5081
52,23,0.5434
53,23,0.5445
54,23,0.5327
55,23,0.5353
56,23,0.5019
57,23,0.5018
58,23,0.5321
59,23,0.5349
60,23,0.5315
61,23,0.5080
62,23,0.5050
63,23,0.5052
64,23,0.5504
65,23,0.5030
66,23,0.5287
67,23,0.5323
68,23,0.5192
69,23,0.5099
70,23,0.5079
71,23,0.5335
72,23,0.5345
73,23,0.5298
74,23,0.5017
75,23,0.5029
76,23,0.5081
77,23,0.5021
78,23,0.5351
79,23,0.5038
80,23,0.5067
81,23,0.5071
82,23,0.5008
83,23,0.5339
84,23,0.5061
85,23,0.5317
86,23,0.5228
87,23,0.5034
88,23,0.5305
89,23,0.5357
90,23,0.5480
91,23,0.5412
92,23,0.5353
93,23,0.5323
94,23,0.5303
95,23,0.5049
96,23,0.5243
97,23,0.5333
98,23,0.5075
99,23,0.5089
100,23,0.5043
1,24,0.5209
2,24,0.5067
3,24,0.5232
4,24,0.5314
5,24,0.5335
6,24,0.5339
7,24,0.5365
8,24,0.5323
9,24,0.5042
10,24,0.5072
11,24,0.5012
12,24,0.5066
13,24,0.5335
14,24,0.5346
15,24,0.5397
16,24,0.5001
17,24,0.5062
18,24,0.5267
19,24,0.5072
20,24,0.5309
21,24,0.5376
22,24,0.5105
23,24,0.5301
24,24,0.5316
25,24,0.5052
26,24,0.5068
27,24,0.5286
28,24,0.5092
29,24,0.5161
30,24,0.5256
31,24,0.5096
32,24,0.5200
33,24,0.5037
34,24,0.5355
35,24,0.5135
36,24,0.5038
37,24,0.5001
38,24,0.5005
39,24,0.5013
40,24,0.5475
41,24,0.5327
42,24,0.5496
43,24,0.5478
44,24,0.5261
45,24,0.5338
46,24,0.5045
47,24,0.5088
48,24,0.5310
49,24,0.5331
50,24,0.5324
51,24,0.5085
52,24,0.5330
53,24,0.5059
54,24,0.5051
55,24,0.5015
56,24,0.5187
57,24,0.5327
58,24,0.5060
59,24,0.5330
60,24,0.5256
61,24,0.5320
62,24,0.5333
63,24,0.5393
64,24,0.5125
65,24,0.5090
66,24,0.5299
67,24,0.5089
68,24,0.5368
69,24,0.5410
70,24,0.5082
71,24,0.5081
72,24,0.5057
73,24,0.5042
74,24,0.5055
75,24,0.5021
76,24,0.5318
77,24,0.5038
78,24,0.5017
79,24,0.5194
80,24,0.5361
81,24,0.5047
82,24,0.5065
83,24,0.5020
84,24,0.5057
85,24,0.5069
86,24,0.5266
87,24,0.5021
88,24,0.5049
89,24,0.5062
90,24,0.5046
91,24,0.5271
92,24,0.5049
93,24,0.5364
94,24,0.5045
95,24,0.5246
96,24,0.5357
97,24,0.5035
98,24,0.5089
99,24,0.5047
100,24,0.5023
1,25,0.5061
2,25,0.5096
3,25,0.5341
4,25,0.5250
5,25,0.5092
6,25,0.5393
7,25,0.5597
8,25,0.5517
9,25,0.5055
10,25,0.5518
11,25,0.5369
12,25,0.5028
13,25,0.5063
14,25,0.5019
15,25,0.5022
16,25,0.5033
17,25,0.5542
18,25,0.5101
19,25,0.5017
20,25,0.5357
21,25,0.5338
22,25,0.5086
23,25,0.5009
24,25,0.5255
25,25,0.5311
26,25,0.5063
27,25,0.5510
28,25,0.5407
29,25,0.5251
30,25,0.5046
31,25,0.5355
32,25,0.5420
33,25,0.5375
34,25,0.5017
35,25,0.5296
36,25,0.5047
37,25,0.5044
38,25,0.5310
39,25,0.5280
40,25,0.5364
41,25,0.5248
42,25,0.5340
43,25,0.5223
44,25,0.5083
45,25,0.5051
46,25,0.5054
47,25,0.5116
48,25,0.5009
49,25,0.5074
50,25,0.5044
51,25,0.5481
52,25,0.5496
53,25,0.5349
54,25,0.5127
55,25,0.5350
56,25,0.5021
57,25,0.5059
58,25,0.5081
59,25,0.5072
60,25,0.5198
61,25,0.5219
62,25,0.5505
63,25,0.5354
64,25,0.5372
65,25,0.5040
66,25,0.5349
67,25,0.5060
68,25,0.5080
69,25,0.5062
70,25,0.5522
71,25,0.5030
72,25,0.5311
73,25,0.5337
74,25,0.5370
75,25,0.5049
76,25,0.5071
77,25,0.5201
78,25,0.5290
79,25,0.5329
80,25,0.5314
81,25,0.5073
82,25,0.5036
83,25,0.5326
84,25,0.5094
85,25,0.5106
86,25,0.5137
87,25,0.5032
88,25,0.5106
89,25,0.5009
90,25,0.5034
91,25,0.5089
92,25,0.5022
93,25,0.5061
94,25,0.5083
95,25,0.5035
96,25,0.5032
97,25,0.5563
98,25,0.5333
99,25,0.5067
100,25,0.5337
1,26,0.5058
2,26,0.5774
3,26,0.5215
4,26,0.5097
5,26,0.5328
6,26,0.5070
7,26,0.5322
8,26,0.5331
9,26,0.5101
10,26,0.5062
11,26,0.5361
12,26,0.5371
13,26,0.5025
14,26,0.5412
15,26,0.5179
16,26,0.5293
17,26,0.5228
18,26,0.5007
19,26,0.5246
20,26,0.5328
21,26,0.5359
22,26,0.5218
23,26,0.5062
24,26,0.5020
25,26,0.5294
26,26,0.5531
27,26,0.5070
28,26,0.5048
29,26,0.5315
30,26,0.5338
31,26,0.5266
32,26,0.5061
33,26,0.5052
34,26,0.5058
35,26,0.5032
36,26,0.5458
37,26,0.5211
38,26,0.5128
39,26,0.5052
40,26,0.5020
41,26,0.5079
42,26,0.5014
43,26,0.5074
44,26,0.5075
45,26,0.5033
46,26,0.5395
47,26,0.5088
48,26,0.5006
49,26,0.5385
50,26,0.5338
51,26,0.5328
52,26,0.5063
53,26,0.5313
54,26,0.5061
55,26,0.5143
56,26,0.5066
57,26,0.5042
58,26,0.5052
59,26,0.5402
60,26,0.5337
61,26,0.5305
62,26,0.5345
63,26,0.5081
64,26,0.5364
65,26,0.5328
66,26,0.5094
67,26,0.5376
68,26,0.5130
69,26,0.5350
70,26,0.5531
71,26,0.5039
72,26,0.5318
73,26,0.5222
74,26,0.5054
75,26,0.5027
76,26,0.5054
77,26,0.5081
78,26,0.5311
79,26,0.5380
80,26,0.5051
81,26,0.5518
82,26,0.5366
83,26,0.5354
84,26,0.5186
85,26,0.5375
86,26,0.5049
87,26,0.5077
88,26,0.5026
89,26,0.5037
90,26,0.5055
91,26,0.5313
92,26,0.5265
93,26,0.5192
94,26,0.5497
95,26,0.5115
96,26,0.5090
97,26,0.5066
98,26,0.5010
99,26,0.5455
100,26,0.5053
1,27,0.5111
2,27,0.5046
3,27,0.5193
4,27,0.5200
5,27,0.5009
6,27,0.5322
7,27,0.5067
8,27,0.5097
9,27,0.5031
10,27,0.5358
11,27,0.5113
12,27,0.5334
13,27,0.5143
14,27,0.5085
15,27,0.5049
16,27,0.5068
17,27,0.5112
18,27,0.5318
19,27,0.5315
20,27,0.5070
21,27,0.5080
22,27,0.5360
23,27,0.5103
24,27,0.5060
25,27,0.5541
26,27,0.5086
27,27,0.5089
28,27,0.5084
29,27,0.5099
30,27,0.5033
31,27,0.5179
32,27,0.5115
33,27,0.5059
34,27,0.5045
35,27,0.5098
36,27,0.5067
37,27,0.5226
38,27,0.5328
39,27,0.5309
40,27,0.5051
41,27,0.5050
42,27,0.5044
43,27,0.5105
44,27,0.5320
45,27,0.5328
46,27,0.5017
47,27,0.5115
48,27,0.5019
49,27,0.5064
50,27,0.5367
51,27,0.5302
52,27,0.5315
53,27,0.5335
54,27,0.5366
55,27,0.5225
56,27,0.5013
57,27,0.5229
58,27,0.5070
59,27,0.5066
60,27,0.5326
61,27,0.5096
62,27,0.5082
63,27,0.5328
64,27,0.5096
65,27,0.5063
66,27,0.5093
67,27,0.5015
68,27,0.5089
69,27,0.5025
70,27,0.5068
71,27,0.5081
72,27,0.5028
73,27,0.5307
74,27,0.5328
75,27,0.5019
76,27,0.5142
77,27,0.5089
78,27,0.5072
79,27,0.5305
80,27,0.5034
81,27,0.5452
82,27,0.5532
83,27,0.5319
84,27,0.5348
85,27,0.5308
86,27,0.5301
87,27,0.5365
88,27,0.5199
89,27,0.5041
90,27,0.5273
91,27,0.5052
92,27,0.5065
93,27,0.5026
94,27,0.5326
95,27,0.5050
96,27,0.5272
97,27,0.5347
98,27,0.5321
99,27,0.5322
100,27,0.5339
1,28,0.5347
2,28,0.5106
3,28,0.5323
4,28,0.5353
5,28,0.5077
6,28,0.5035
7,28,0.5304
8,28,0.5330
9,28,0.5224
10,28,0.5314
11,28,0.5088
12,28,0.5080
13,28,0.5070
14,28,0.5062
15,28,0.5334
16,28,0.5180
17,28,0.5039
18,28,0.5027
19,28,0.5035
20,28,0.5254
21,28,0.5248
22,28,0.5518
23,28,0.5193
24,28,0.5078
25,28,0.5342
26,28,0.5328
27,28,0.5190
28,28,0.5094
29,28,0.4995
30,28,0.5075
31,28,0.5476
32,28,0.5082
33,28,0.5034
34,28,0.5370
35,28,0.5355
36,28,0.5029
37,28,0.5010
38,28,0.5046
39,28,0.5058
40,28,0.5315
41,28,0.5292
42,28,0.5748
43,28,0.5068
44,28,0.5291
45,28,0.5457
46,28,0.5507
47,28,0.5338
48,28,0.5519
49,28,0.5098
50,28,0.5115
51,28,0.5128
52,28,0.5330
53,28,0.5502
54,28,0.5210
55,28,0.5044
56,28,0.5102
57,28,0.5079
58,28,0.5391
59,28,0.5079
60,28,0.5086
61,28,0.5095
62,28,0.5019
63,28,0.5007
64,28,0.5463
65,28,0.5106
66,28,0.5334
67,28,0.5331
68,28,0.5486
69,28,0.5380
70,28,0.5085
71,28,0.5198
72,28,0.5071
73,28,0.5561
74,28,0.5039
75,28,0.5092
76,28,0.5519
77,28,0.5062
78,28,0.5318
79,28,0.5047
80,28,0.5002
81,28,0.5080
82,28,0.5539
83,28,0.5079
84,28,0.5037
85,28,0.5019
86,28,0.5072
87,28,0.5673
88,28,0.5187
89,28,0.5349
90,28,0.5150
91,28,0.4986
92,28,0.5017
93,28,0.5090
94,28,0.5350
95,28,0.5057
96,28,0.5046
97,28,0.5053
98,28,0.5385
99,28,0.5134
100,28,0.5305
1,29,0.5335
2,29,0.5519
3,29,0.5104
4,29,0.5026
5,29,0.5499
6,29,0.5360
7,29,0.5279
8,29,0.5135
9,29,0.5240
10,29,0.5080
11,29,0.5079
12,29,0.5516
13,29,0.5037
14,29,0.5329
15,29,0.5335
16,29,0.5478
17,29,0.5047
18,29,0.5490
19,29,0.5077
20,29,0.5363
21,29,0.5045
22,29,0.5498
23,29,0.5322
24,29,0.5332
25,29,0.5073
26,29,0.5018
27,29,0.5124
28,29,0.5036
29,29,0.5050
30,29,0.5370
31,29,0.5043
32,29,0.5048
33,29,0.5033
34,29,0.4998
35,29,0.4989
36,29,0.5049
37,29,0.5151
38,29,0.5028
39,29,0.5048
40,29,0.5537
41,29,0.5046
42,29,0.5027
43,29,0.5340
44,29,0.5130
45,29,0.5096
46,29,0.5023
47,29,0.5198
48,29,0.5308
49,29,0.5012
50,29,0.5313
51,29,0.5340
52,29,0.5232
53,29,0.5016
54,29,0.5284
55,29,0.5499
56,29,0.5345
57,29,0.5073
58,29,0.5294
59,29,0.5082
60,29,0.5071
61,29,0.5067
62,29,0.5130
63,29,0.5245
64,29,0.5068
65,29,0.5047
66,29,0.5402
67,29,0.5225
68,29,0.5042
69,29,0.5106
70,29,0.5024
71,29,0.5312
72,29,0.5047
73,29,0.5035
74,29,0.5023
75,29,0.5397
76,29,0.5059
77,29,0.5445
78,29,0.5245
79,29,0.5542
80,29,0.5029
81,29,0.5026
82,29,0.5042
83,29,0.5310
84,29,0.5353
85,29,0.5063
86,29,0.5364
87,29,0.5218
88,29,0.5227
89,29,0.5386
90,29,0.5072
91,29,0.5047
92,29,0.5361
93,29,0.5132
94,29,0.5058
95,29,0.5034
96,29,0.5031
97,29,0.5013
98,29,0.5263
99,29,0.5315
100,29,0.5241
MÃ‰DIA,,0.5202
